benchmark,implementation,threads,time,parallelizable_loops,parallelized_loops,parallel_ir,omp_calls_out,fusion_applied_pairs,fusion_candidates,fusion_attempts,fusion_succeeded,fused_ir,br_i1_in,br_i1_out
fuse_should_fuse,NoPass,1,0.006739,0,0,0,0,0,0,0,0,0,0,0
fuse_should_fuse,OriginalPass,2,0.006738,2,0,0,0,0,0,0,0,0,2,2
fuse_should_fuse,OriginalPass,4,0.006755,2,0,0,0,0,0,0,0,0,2,2
fuse_should_fuse,OriginalPass,8,0.006785,2,0,0,0,0,0,0,0,0,2,2
fuse_should_fuse,Fusion,2,0.003898,1,0,0,0,1,1,1,1,1,2,1
fuse_should_fuse,Fusion,4,0.003902,1,0,0,0,1,1,1,1,1,2,1
fuse_should_fuse,Fusion,8,0.003934,1,0,0,0,1,1,1,1,1,2,1
fuse_should_fuse,Fusion+Shared,2,0.006086,1,0,0,0,1,1,1,1,1,2,1
fuse_should_fuse,Fusion+Shared,4,0.003839,1,0,0,0,1,1,1,1,1,2,1
fuse_should_fuse,Fusion+Shared,8,0.003805,1,0,0,0,1,1,1,1,1,2,1
fuse01_independent_constN,NoPass,1,0.009523,0,0,0,0,0,0,0,0,0,0,0
fuse01_independent_constN,OriginalPass,2,0.009507,2,0,0,0,0,0,0,0,0,2,2
fuse01_independent_constN,OriginalPass,4,0.006585,2,0,0,0,0,0,0,0,0,2,2
fuse01_independent_constN,OriginalPass,8,0.006526,2,0,0,0,0,0,0,0,0,2,2
fuse01_independent_constN,Fusion,2,0.006284,1,0,0,0,1,1,1,1,1,2,1
fuse01_independent_constN,Fusion,4,0.004066,1,0,0,0,1,1,1,1,1,2,1
fuse01_independent_constN,Fusion,8,0.004016,1,0,0,0,1,1,1,1,1,2,1
fuse01_independent_constN,Fusion+Shared,2,0.006311,1,0,0,0,1,1,1,1,1,2,1
fuse01_independent_constN,Fusion+Shared,4,0.004027,1,0,0,0,1,1,1,1,1,2,1
fuse01_independent_constN,Fusion+Shared,8,0.004016,1,0,0,0,1,1,1,1,1,2,1
fuse06_stride2,NoPass,1,0.009719,0,0,0,0,0,0,0,0,0,0,0
fuse06_stride2,OriginalPass,2,0.009532,2,0,0,0,0,0,0,0,0,2,2
fuse06_stride2,OriginalPass,4,0.006629,2,0,0,0,0,0,0,0,0,2,2
fuse06_stride2,OriginalPass,8,0.006618,2,0,0,0,0,0,0,0,0,2,2
fuse06_stride2,Fusion,2,0.006736,1,0,0,0,1,1,1,1,1,2,1
fuse06_stride2,Fusion,4,0.004530,1,0,0,0,1,1,1,1,1,2,1
fuse06_stride2,Fusion,8,0.004516,1,0,0,0,1,1,1,1,1,2,1
fuse06_stride2,Fusion+Shared,2,0.006404,1,0,0,0,1,1,1,1,1,2,1
fuse06_stride2,Fusion+Shared,4,0.004552,1,0,0,0,1,1,1,1,1,2,1
fuse06_stride2,Fusion+Shared,8,0.004528,1,0,0,0,1,1,1,1,1,2,1
fuse08_int_arrays,NoPass,1,0.009577,0,0,0,0,0,0,0,0,0,0,0
fuse08_int_arrays,OriginalPass,2,0.009443,2,0,0,0,0,0,0,0,0,2,2
fuse08_int_arrays,OriginalPass,4,0.006564,2,0,0,0,0,0,0,0,0,2,2
fuse08_int_arrays,OriginalPass,8,0.006548,2,0,0,0,0,0,0,0,0,2,2
fuse08_int_arrays,Fusion,2,0.005770,1,0,0,0,1,1,1,1,1,2,1
fuse08_int_arrays,Fusion,4,0.003702,1,0,0,0,1,1,1,1,1,2,1
fuse08_int_arrays,Fusion,8,0.003690,1,0,0,0,1,1,1,1,1,2,1
fuse08_int_arrays,Fusion+Shared,2,0.005986,1,0,0,0,1,1,1,1,1,2,1
fuse08_int_arrays,Fusion+Shared,4,0.003696,1,0,0,0,1,1,1,1,1,2,1
fuse08_int_arrays,Fusion+Shared,8,0.003694,1,0,0,0,1,1,1,1,1,2,1
fuse09_2d_rows,NoPass,1,0.009667,0,0,0,0,0,0,0,0,0,0,0
fuse09_2d_rows,OriginalPass,2,0.009572,2,0,0,0,0,0,0,0,0,2,2
fuse09_2d_rows,OriginalPass,4,0.006813,2,0,0,0,0,0,0,0,0,2,2
fuse09_2d_rows,OriginalPass,8,0.006747,2,0,0,0,0,0,0,0,0,2,2
fuse09_2d_rows,Fusion,2,0.003949,1,0,0,0,1,1,1,1,1,2,1
fuse09_2d_rows,Fusion,4,0.003988,1,0,0,0,1,1,1,1,1,2,1
fuse09_2d_rows,Fusion,8,0.003954,1,0,0,0,1,1,1,1,1,2,1
fuse09_2d_rows,Fusion+Shared,2,0.003941,1,0,0,0,1,1,1,1,1,2,1
fuse09_2d_rows,Fusion+Shared,4,0.003942,1,0,0,0,1,1,1,1,1,2,1
fuse09_2d_rows,Fusion+Shared,8,0.003965,1,0,0,0,1,1,1,1,1,2,1
fuse11_affine_float,NoPass,1,0.006806,0,0,0,0,0,0,0,0,0,0,0
fuse11_affine_float,OriginalPass,2,0.006811,2,0,0,0,0,0,0,0,0,2,2
fuse11_affine_float,OriginalPass,4,0.006845,2,0,0,0,0,0,0,0,0,2,2
fuse11_affine_float,OriginalPass,8,0.006814,2,0,0,0,0,0,0,0,0,2,2
fuse11_affine_float,Fusion,2,0.004186,1,0,0,0,1,1,1,1,1,2,1
fuse11_affine_float,Fusion,4,0.004186,1,0,0,0,1,1,1,1,1,2,1
fuse11_affine_float,Fusion,8,0.004204,1,0,0,0,1,1,1,1,1,2,1
fuse11_affine_float,Fusion+Shared,2,0.004182,1,0,0,0,1,1,1,1,1,2,1
fuse11_affine_float,Fusion+Shared,4,0.004206,1,0,0,0,1,1,1,1,1,2,1
fuse11_affine_float,Fusion+Shared,8,0.004205,1,0,0,0,1,1,1,1,1,2,1
fuse12_affine_double,NoPass,1,0.006807,0,0,0,0,0,0,0,0,0,0,0
fuse12_affine_double,OriginalPass,2,0.007226,2,0,0,0,0,0,0,0,0,2,2
fuse12_affine_double,OriginalPass,4,0.006847,2,0,0,0,0,0,0,0,0,2,2
fuse12_affine_double,OriginalPass,8,0.006828,2,0,0,0,0,0,0,0,0,2,2
fuse12_affine_double,Fusion,2,0.010182,1,0,0,0,1,1,1,1,1,2,1
fuse12_affine_double,Fusion,4,0.010748,1,0,0,0,1,1,1,1,1,2,1
fuse12_affine_double,Fusion,8,0.011287,1,0,0,0,1,1,1,1,1,2,1
fuse12_affine_double,Fusion+Shared,2,0.013602,1,0,0,0,1,1,1,1,1,2,1
fuse12_affine_double,Fusion+Shared,4,0.009968,1,0,0,0,1,1,1,1,1,2,1
fuse12_affine_double,Fusion+Shared,8,0.012588,1,0,0,0,1,1,1,1,1,2,1
fuse14_int32_affine,NoPass,1,0.009518,0,0,0,0,0,0,0,0,0,0,0
fuse14_int32_affine,OriginalPass,2,0.009412,2,0,0,0,0,0,0,0,0,2,2
fuse14_int32_affine,OriginalPass,4,0.006587,2,0,0,0,0,0,0,0,0,2,2
fuse14_int32_affine,OriginalPass,8,0.006535,2,0,0,0,0,0,0,0,0,2,2
fuse14_int32_affine,Fusion,2,0.007465,1,0,0,0,1,1,1,1,1,2,1
fuse14_int32_affine,Fusion,4,0.005039,1,0,0,0,1,1,1,1,1,2,1
fuse14_int32_affine,Fusion,8,0.005057,1,0,0,0,1,1,1,1,1,2,1
fuse14_int32_affine,Fusion+Shared,2,0.007798,1,0,0,0,1,1,1,1,1,2,1
fuse14_int32_affine,Fusion+Shared,4,0.005052,1,0,0,0,1,1,1,1,1,2,1
fuse14_int32_affine,Fusion+Shared,8,0.005046,1,0,0,0,1,1,1,1,1,2,1
fuse15_uint16_mix,NoPass,1,0.016597,0,0,0,0,0,0,0,0,0,0,0
fuse15_uint16_mix,OriginalPass,2,0.017014,2,0,0,0,0,0,0,0,0,2,2
fuse15_uint16_mix,OriginalPass,4,0.012897,2,0,0,0,0,0,0,0,0,2,2
fuse15_uint16_mix,OriginalPass,8,0.012944,2,0,0,0,0,0,0,0,0,2,2
fuse15_uint16_mix,Fusion,2,0.011972,1,0,0,0,1,1,1,1,1,2,1
fuse15_uint16_mix,Fusion,4,0.008650,1,0,0,0,1,1,1,1,1,2,1
fuse15_uint16_mix,Fusion,8,0.008715,1,0,0,0,1,1,1,1,1,2,1
fuse15_uint16_mix,Fusion+Shared,2,0.012038,1,0,0,0,1,1,1,1,1,2,1
fuse15_uint16_mix,Fusion+Shared,4,0.008683,1,0,0,0,1,1,1,1,1,2,1
fuse15_uint16_mix,Fusion+Shared,8,0.008724,1,0,0,0,1,1,1,1,1,2,1
fuse16_struct_store,NoPass,1,0.012201,0,0,0,0,0,0,0,0,0,0,0
fuse16_struct_store,OriginalPass,2,0.011313,2,0,0,0,0,0,0,0,0,2,2
fuse16_struct_store,OriginalPass,4,0.008191,2,0,0,0,0,0,0,0,0,2,2
fuse16_struct_store,OriginalPass,8,0.008185,2,0,0,0,0,0,0,0,0,2,2
fuse16_struct_store,Fusion,2,0.010666,1,0,0,0,1,1,1,1,1,2,1
fuse16_struct_store,Fusion,4,0.007752,1,0,0,0,1,1,1,1,1,2,1
fuse16_struct_store,Fusion,8,0.007748,1,0,0,0,1,1,1,1,1,2,1
fuse16_struct_store,Fusion+Shared,2,0.010776,1,0,0,0,1,1,1,1,1,2,1
fuse16_struct_store,Fusion+Shared,4,0.007766,1,0,0,0,1,1,1,1,1,2,1
fuse16_struct_store,Fusion+Shared,8,0.007768,1,0,0,0,1,1,1,1,1,2,1
fuse17_flat_2d,NoPass,1,0.000300,0,0,0,0,0,0,0,0,0,0,0
fuse17_flat_2d,OriginalPass,2,0.000292,2,0,0,0,0,0,0,0,0,2,2
fuse17_flat_2d,OriginalPass,4,0.000165,2,0,0,0,0,0,0,0,0,2,2
fuse17_flat_2d,OriginalPass,8,0.000161,2,0,0,0,0,0,0,0,0,2,2
fuse17_flat_2d,Fusion,2,0.000150,1,0,0,0,1,1,1,1,1,2,1
fuse17_flat_2d,Fusion,4,0.000085,1,0,0,0,1,1,1,1,1,2,1
fuse17_flat_2d,Fusion,8,0.000083,1,0,0,0,1,1,1,1,1,2,1
fuse17_flat_2d,Fusion+Shared,2,0.000140,1,0,0,0,1,1,1,1,1,2,1
fuse17_flat_2d,Fusion+Shared,4,0.000084,1,0,0,0,1,1,1,1,1,2,1
fuse17_flat_2d,Fusion+Shared,8,0.000084,1,0,0,0,1,1,1,1,1,2,1
fuse18_uint32_bitops,NoPass,1,0.013632,0,0,0,0,0,0,0,0,0,0,0
fuse18_uint32_bitops,OriginalPass,2,0.013823,2,0,0,0,0,0,0,0,0,2,2
fuse18_uint32_bitops,OriginalPass,4,0.010187,2,0,0,0,0,0,0,0,0,2,2
fuse18_uint32_bitops,OriginalPass,8,0.010207,2,0,0,0,0,0,0,0,0,2,2
fuse18_uint32_bitops,Fusion,2,0.009517,1,0,0,0,1,1,1,1,1,2,1
fuse18_uint32_bitops,Fusion,4,0.006640,1,0,0,0,1,1,1,1,1,2,1
fuse18_uint32_bitops,Fusion,8,0.006613,1,0,0,0,1,1,1,1,1,2,1
fuse18_uint32_bitops,Fusion+Shared,2,0.009804,1,0,0,0,1,1,1,1,1,2,1
fuse18_uint32_bitops,Fusion+Shared,4,0.006631,1,0,0,0,1,1,1,1,1,2,1
fuse18_uint32_bitops,Fusion+Shared,8,0.006620,1,0,0,0,1,1,1,1,1,2,1
fuse19_stride3,NoPass,1,0.009639,0,0,0,0,0,0,0,0,0,0,0
fuse19_stride3,OriginalPass,2,0.009552,2,0,0,0,0,0,0,0,0,2,2
fuse19_stride3,OriginalPass,4,0.006605,2,0,0,0,0,0,0,0,0,2,2
fuse19_stride3,OriginalPass,8,0.006617,2,0,0,0,0,0,0,0,0,2,2
fuse19_stride3,Fusion,2,0.007765,1,0,0,0,1,1,1,1,1,2,1
fuse19_stride3,Fusion,4,0.005196,1,0,0,0,1,1,1,1,1,2,1
fuse19_stride3,Fusion,8,0.005181,1,0,0,0,1,1,1,1,1,2,1
fuse19_stride3,Fusion+Shared,2,0.007595,1,0,0,0,1,1,1,1,1,2,1
fuse19_stride3,Fusion+Shared,4,0.005155,1,0,0,0,1,1,1,1,1,2,1
fuse19_stride3,Fusion+Shared,8,0.005180,1,0,0,0,1,1,1,1,1,2,1
fuse21_int_math_float_out,NoPass,1,0.009529,0,0,0,0,0,0,0,0,0,0,0
fuse21_int_math_float_out,OriginalPass,2,0.009554,2,0,0,0,0,0,0,0,0,2,2
fuse21_int_math_float_out,OriginalPass,4,0.006546,2,0,0,0,0,0,0,0,0,2,2
fuse21_int_math_float_out,OriginalPass,8,0.006549,2,0,0,0,0,0,0,0,0,2,2
fuse21_int_math_float_out,Fusion,2,0.007938,1,0,0,0,1,1,1,1,1,2,1
fuse21_int_math_float_out,Fusion,4,0.005478,1,0,0,0,1,1,1,1,1,2,1
fuse21_int_math_float_out,Fusion,8,0.005469,1,0,0,0,1,1,1,1,1,2,1
fuse21_int_math_float_out,Fusion+Shared,2,0.007982,1,0,0,0,1,1,1,1,1,2,1
fuse21_int_math_float_out,Fusion+Shared,4,0.005458,1,0,0,0,1,1,1,1,1,2,1
fuse21_int_math_float_out,Fusion+Shared,8,0.005475,1,0,0,0,1,1,1,1,1,2,1
fuse22_small_values,NoPass,1,0.014660,0,0,0,0,0,0,0,0,0,0,0
fuse22_small_values,OriginalPass,2,0.014620,2,0,0,0,0,0,0,0,0,2,2
fuse22_small_values,OriginalPass,4,0.010814,2,0,0,0,0,0,0,0,0,2,2
fuse22_small_values,OriginalPass,8,0.010861,2,0,0,0,0,0,0,0,0,2,2
fuse22_small_values,Fusion,2,0.010125,1,0,0,0,1,1,1,1,1,2,1
fuse22_small_values,Fusion,4,0.007149,1,0,0,0,1,1,1,1,1,2,1
fuse22_small_values,Fusion,8,0.007096,1,0,0,0,1,1,1,1,1,2,1
fuse22_small_values,Fusion+Shared,2,0.010109,1,0,0,0,1,1,1,1,1,2,1
fuse22_small_values,Fusion+Shared,4,0.007134,1,0,0,0,1,1,1,1,1,2,1
fuse22_small_values,Fusion+Shared,8,0.007127,1,0,0,0,1,1,1,1,1,2,1
fuse23_mixed_outputs,NoPass,1,0.009595,0,0,0,0,0,0,0,0,0,0,0
fuse23_mixed_outputs,OriginalPass,2,0.009401,2,0,0,0,0,0,0,0,0,2,2
fuse23_mixed_outputs,OriginalPass,4,0.006569,2,0,0,0,0,0,0,0,0,2,2
fuse23_mixed_outputs,OriginalPass,8,0.006551,2,0,0,0,0,0,0,0,0,2,2
fuse23_mixed_outputs,Fusion,2,0.005864,1,0,0,0,1,1,1,1,1,2,1
fuse23_mixed_outputs,Fusion,4,0.003792,1,0,0,0,1,1,1,1,1,2,1
fuse23_mixed_outputs,Fusion,8,0.003808,1,0,0,0,1,1,1,1,1,2,1
fuse23_mixed_outputs,Fusion+Shared,2,0.005820,1,0,0,0,1,1,1,1,1,2,1
fuse23_mixed_outputs,Fusion+Shared,4,0.003816,1,0,0,0,1,1,1,1,1,2,1
fuse23_mixed_outputs,Fusion+Shared,8,0.003822,1,0,0,0,1,1,1,1,1,2,1
