benchmark,baseline,candidate,fusion_applied_pairs,fusion_applied,delta_speedup_2t,time_ratio_2t,fusion_helps_2t,delta_speedup_4t,time_ratio_4t,fusion_helps_4t,delta_speedup_8t,time_ratio_8t,fusion_helps_8t,fusion_helps_any
2mm,Original,Fusion,0.0,0,0.10999999999999999,1.0398009950248757,0,0.06000000000000005,0.9852941176470589,0,0.06000000000000005,1.0,0,0
2mm,Original,Fusion+Shared,0.0,0,0.039999999999999925,1.0195121951219512,0,-0.009999999999999898,0.9710144927536233,0,0.020000000000000018,1.015075376884422,0,0
2mm,Fusion,Fusion+Shared,0.0,0,-0.07000000000000006,0.9804878048780489,0,-0.06999999999999995,0.9855072463768116,0,-0.040000000000000036,1.015075376884422,0,0
3mm,Original,Fusion,0.0,0,0.09999999999999998,1.1173333333333333,0,0.040000000000000036,1.0469973890339426,0,0.06999999999999995,1.0826666666666667,0,0
3mm,Original,Fusion+Shared,0.0,0,0.14,1.1173333333333333,0,0.09999999999999998,1.0664893617021276,0,0.12,1.0913978494623657,0,0
3mm,Fusion,Fusion+Shared,0.0,0,0.040000000000000036,1.0,0,0.05999999999999994,1.0186170212765957,0,0.050000000000000044,1.0080645161290323,0,0
adi,Original,Fusion,0.0,0,-0.35,1.0685142417244033,0,-0.6799999999999999,1.0024360535931789,0,-0.72,0.9968334388853705,0,0
adi,Original,Fusion+Shared,0.0,0,-0.35,1.0738878143133461,0,-0.6799999999999999,1.0042708968883465,0,-0.73,0.9880728185812933,0,0
adi,Fusion,Fusion+Shared,0.0,0,0.0,1.0050290135396518,0,0.0,1.00183038438072,0,-0.010000000000000009,0.9912115505335845,0,0
atax,Original,Fusion,0.0,0,-0.020000000000000018,1.1071428571428572,0,-0.020000000000000018,1.1052631578947367,0,-0.24,0.9130434782608695,0,0
atax,Original,Fusion+Shared,0.0,0,-0.040000000000000036,1.0,0,0.15999999999999992,1.1666666666666665,0,-0.10000000000000009,0.9545454545454545,0,0
atax,Fusion,Fusion+Shared,0.0,0,-0.020000000000000018,0.9032258064516129,0,0.17999999999999994,1.0555555555555556,0,0.1399999999999999,1.0454545454545454,0,0
bicg,Original,Fusion,0.0,0,0.10999999999999999,1.0,0,0.17999999999999994,1.0,0,0.09000000000000008,0.9491525423728814,0,0
bicg,Original,Fusion+Shared,0.0,0,-0.09999999999999998,0.989247311827957,0,-0.1499999999999999,1.0,0,-0.16999999999999993,0.9824561403508771,0,0
bicg,Fusion,Fusion+Shared,0.0,0,-0.20999999999999996,0.989247311827957,0,-0.32999999999999985,1.0,0,-0.26,1.0350877192982455,0,0
cholesky,Original,Fusion,0.0,0,0.28,1.3490196078431371,0,0.020000000000000018,1.0251256281407035,0,-0.010000000000000009,1.0049751243781095,0,0
cholesky,Original,Fusion+Shared,0.0,0,0.0,1.0,0,-0.039999999999999813,0.9807692307692308,0,0.0,1.01,0,0
cholesky,Fusion,Fusion+Shared,0.0,0,-0.28,0.7412790697674418,0,-0.05999999999999983,0.9567307692307694,0,0.010000000000000009,1.005,0,0
correlation,Original,Fusion,0.0,0,-0.41000000000000003,0.975877192982456,0,-0.5899999999999999,1.0143884892086332,0,-0.5799999999999998,1.0216606498194944,0,0
correlation,Original,Fusion+Shared,0.0,0,-0.4,0.9590517241379309,0,-0.54,1.010752688172043,0,-0.52,1.029090909090909,0,0
correlation,Fusion,Fusion+Shared,0.0,0,0.010000000000000009,0.9827586206896552,0,0.04999999999999982,0.996415770609319,0,0.05999999999999983,1.0072727272727273,0,0
covariance,Original,Fusion,0.0,0,-0.030000000000000027,1.002169197396963,0,-0.040000000000000036,1.0,0,-0.040000000000000036,1.0,0,0
covariance,Original,Fusion+Shared,0.0,0,-0.07999999999999996,1.0,0,-0.10999999999999988,1.0108695652173914,0,-0.1399999999999999,0.9963636363636362,0,0
covariance,Fusion,Fusion+Shared,0.0,0,-0.04999999999999993,0.9978354978354977,0,-0.06999999999999984,1.0108695652173914,0,-0.09999999999999987,0.9963636363636362,0,0
deriche,Original,Fusion,0.0,0,-0.38,0.9959016393442623,0,-0.6399999999999999,0.9832775919732442,0,-0.52,1.0486111111111112,0,0
deriche,Original,Fusion+Shared,0.0,0,-0.42999999999999994,1.002061855670103,0,-0.6799999999999997,1.0208333333333333,0,-0.6399999999999999,1.0272108843537415,0,0
deriche,Fusion,Fusion+Shared,0.0,0,-0.04999999999999993,1.0061855670103093,0,-0.039999999999999813,1.0381944444444444,0,-0.11999999999999988,0.979591836734694,0,0
doitgen,Original,Fusion,0.0,0,-0.4700000000000001,1.0135869565217392,0,-0.8200000000000001,0.9954545454545455,0,-0.79,1.0137614678899083,0,0
doitgen,Original,Fusion+Shared,0.0,0,-0.52,1.005390835579515,0,-0.8900000000000001,1.0045871559633028,0,-0.8700000000000001,1.0184331797235024,0,0
doitgen,Fusion,Fusion+Shared,0.0,0,-0.04999999999999993,0.9919137466307277,0,-0.07000000000000006,1.0091743119266054,0,-0.08000000000000007,1.0046082949308757,0,0
durbin,Original,Fusion,0.0,0,-0.6600000000000001,0.7619047619047619,0,-0.42000000000000015,1.0769230769230769,0,-0.54,1.0,0,0
durbin,Original,Fusion+Shared,0.0,0,-0.5700000000000001,0.7999999999999999,0,-0.3400000000000001,1.0769230769230769,0,-0.6299999999999999,0.8666666666666666,0,0
durbin,Fusion,Fusion+Shared,0.0,0,0.09000000000000008,1.0499999999999998,0,0.08000000000000007,1.0,0,-0.08999999999999986,0.8666666666666666,0,0
fdtd-2d,Original,Fusion,0.0,0,-0.42999999999999994,1.0,0,-0.6699999999999997,1.0185185185185184,0,-0.6499999999999999,1.031055900621118,0,0
fdtd-2d,Original,Fusion+Shared,0.0,0,-0.39,1.0036764705882353,0,-0.6299999999999999,1.0060975609756098,0,-0.6100000000000001,1.01840490797546,0,0
fdtd-2d,Fusion,Fusion+Shared,0.0,0,0.039999999999999925,1.0036764705882353,0,0.039999999999999813,0.9878048780487805,0,0.039999999999999813,0.9877300613496933,0,0
floyd-warshall,Original,Fusion,0.0,0,-0.12,1.0260186548846342,0,-0.21999999999999997,1.0030816640986133,0,-0.22999999999999998,1.004704037632301,0,0
floyd-warshall,Original,Fusion+Shared,0.0,0,-0.13,1.0002392916965779,0,-0.18999999999999995,1.0100853374709076,0,-0.20000000000000018,1.0098502758077228,0,0
floyd-warshall,Fusion,Fusion+Shared,0.0,0,-0.010000000000000009,0.9748743718592965,0,0.030000000000000027,1.0069821567106283,0,0.029999999999999805,1.0051221434200157,0,0
gemm,Original,Fusion,0.0,0,-0.41999999999999993,1.0,0,-0.7999999999999998,0.9322033898305085,0,-0.7599999999999998,0.9491525423728814,0,0
gemm,Original,Fusion+Shared,0.0,0,-0.35,1.0,0,-0.6499999999999999,0.9649122807017544,0,-0.6099999999999999,0.9824561403508771,0,0
gemm,Fusion,Fusion+Shared,0.0,0,0.06999999999999995,1.0,0,0.1499999999999999,1.0350877192982455,0,0.1499999999999999,1.0350877192982455,0,0
gemver,Original,Fusion,0.0,0,-0.07999999999999985,1.4375,0,-0.51,1.1111111111111112,0,-0.6100000000000001,1.0357142857142858,0,0
gemver,Original,Fusion+Shared,0.0,0,-0.3899999999999999,1.0,0,-0.52,1.0714285714285714,0,-0.5800000000000001,1.0357142857142858,0,0
gemver,Fusion,Fusion+Shared,0.0,0,-0.31000000000000005,0.6956521739130435,0,-0.010000000000000009,0.9642857142857143,0,0.030000000000000027,1.0,0,0
gesummv,Original,Fusion,0.0,0,-0.4099999999999999,1.0,0,-0.6599999999999999,1.0,0,-0.55,1.0606060606060603,0,0
gesummv,Original,Fusion+Shared,0.0,0,-0.3899999999999999,1.0188679245283019,0,-0.6599999999999999,1.0,0,-0.5900000000000001,1.0294117647058822,0,0
gesummv,Fusion,Fusion+Shared,0.0,0,0.020000000000000018,1.0188679245283019,0,0.0,1.0,0,-0.040000000000000036,0.9705882352941178,0,0
gramschmidt,Original,Fusion,0.0,0,-0.05999999999999994,1.0018181818181817,0,-0.10999999999999988,0.9909090909090909,0,-0.09000000000000008,1.0093457943925235,0,0
gramschmidt,Original,Fusion+Shared,0.0,0,-0.040000000000000036,0.9981884057971014,0,-0.040000000000000036,1.0061538461538462,0,-0.050000000000000044,1.0062111801242235,0,0
gramschmidt,Fusion,Fusion+Shared,0.0,0,0.019999999999999907,0.996376811594203,0,0.06999999999999984,1.0153846153846153,0,0.040000000000000036,0.9968944099378881,0,0
heat-3d,Original,Fusion,0.0,0,-0.43000000000000005,0.9977477477477477,0,-0.7400000000000002,0.9961977186311788,0,-0.7300000000000002,1.0,0,0
heat-3d,Original,Fusion+Shared,0.0,0,-0.59,1.0,0,-1.0200000000000002,0.9849624060150376,0,-0.9800000000000002,1.0114942528735633,0,0
heat-3d,Fusion,Fusion+Shared,0.0,0,-0.15999999999999992,1.002257336343115,0,-0.28,0.9887218045112781,0,-0.25,1.0114942528735633,0,0
jacobi-1d,Original,Fusion,0.0,0,-0.04999999999999993,1.1666666666666665,0,-0.33999999999999997,0.8333333333333334,0,0.17000000000000004,1.5,0,0
jacobi-1d,Original,Fusion+Shared,0.0,0,-0.10999999999999999,1.4,0,-0.4,1.0,0,-0.32999999999999996,1.0,0,0
jacobi-1d,Fusion,Fusion+Shared,0.0,0,-0.06000000000000005,1.2,0,-0.06000000000000005,1.2,0,-0.5,0.6666666666666666,0,0
jacobi-2d,Original,Fusion,0.0,0,-0.52,0.9948717948717949,0,-0.5,1.0051020408163265,0,-0.51,1.0,0,0
jacobi-2d,Original,Fusion+Shared,0.0,0,-0.51,0.9897959183673469,0,-0.44999999999999996,1.042328042328042,0,-0.5,1.0,0,0
jacobi-2d,Fusion,Fusion+Shared,0.0,0,0.010000000000000009,0.9948979591836735,0,0.050000000000000044,1.037037037037037,0,0.010000000000000009,1.0,0,0
lu,Original,Fusion,0.0,0,0.0,1.1067125645438898,0,-0.16999999999999993,0.9868766404199475,0,-0.1499999999999999,0.9973404255319149,0,0
lu,Original,Fusion+Shared,0.0,0,0.0,1.1086206896551725,0,-0.15999999999999992,0.9894736842105262,0,-0.1499999999999999,0.9946949602122016,0,0
lu,Fusion,Fusion+Shared,0.0,0,0.0,1.0017241379310344,0,0.010000000000000009,1.0026315789473683,0,0.0,0.9973474801061007,0,0
ludcmp,Original,Fusion,0.0,0,-0.14,0.9019933554817275,0,-0.07999999999999985,1.0,0,-0.07999999999999985,1.0028490028490027,0,0
ludcmp,Original,Fusion+Shared,0.0,0,-0.14,0.9034941763727121,0,-0.06999999999999984,0.9971910112359551,0,-0.07999999999999985,1.0,0,0
ludcmp,Fusion,Fusion+Shared,0.0,0,0.0,1.0016638935108153,0,0.010000000000000009,0.9971910112359551,0,0.0,0.9971590909090909,0,0
mvt,Original,Fusion,0.0,0,-0.08999999999999997,1.0270270270270272,0,-0.20999999999999996,0.96,0,-0.17999999999999994,1.0,0,0
mvt,Original,Fusion+Shared,0.0,0,-0.07999999999999996,1.0,0,-0.07000000000000006,1.0434782608695652,0,-0.1299999999999999,1.0,0,0
mvt,Fusion,Fusion+Shared,0.0,0,0.010000000000000009,0.9736842105263157,0,0.1399999999999999,1.0869565217391304,0,0.050000000000000044,1.0,0,0
nussinov,Original,Fusion,0.0,0,-0.39,1.005770816158285,0,-0.69,0.9822646657571623,0,-0.7000000000000002,0.9859353023909986,0,0
nussinov,Original,Fusion+Shared,0.0,0,-0.4,1.0,0,-0.69,0.9917355371900828,0,-0.7100000000000002,0.9859353023909986,0,0
nussinov,Fusion,Fusion+Shared,0.0,0,-0.010000000000000009,0.9942622950819674,0,0.0,1.009641873278237,0,-0.010000000000000009,1.0,0,0
seidel-2d,Original,Fusion,0.0,0,-0.31000000000000005,0.6705827067669173,0,0.06000000000000005,1.0198836081474296,0,0.09000000000000008,1.0484700122399022,0,0
seidel-2d,Original,Fusion+Shared,0.0,0,-0.19999999999999996,0.6486363636363637,0,0.26,1.0171704957678356,0,0.30000000000000004,1.0515590473852197,0,0
seidel-2d,Fusion,Fusion+Shared,0.0,0,0.1100000000000001,0.9672727272727273,0,0.19999999999999996,0.9973397823458283,0,0.20999999999999996,1.0029462312791553,0,0
symm,Original,Fusion,0.0,0,-0.3599999999999999,1.0052631578947369,0,-0.6299999999999999,0.991304347826087,0,-0.6299999999999999,1.0,0,0
symm,Original,Fusion+Shared,0.0,0,-0.3699999999999999,0.9947916666666666,0,-0.6099999999999999,1.0,0,-0.6299999999999999,0.9911504424778761,0,0
symm,Fusion,Fusion+Shared,0.0,0,-0.010000000000000009,0.9895833333333334,0,0.020000000000000018,1.0087719298245614,0,0.0,0.9911504424778761,0,0
syr2k,Original,Fusion,0.0,0,-0.050000000000000044,0.9917695473251029,0,-0.040000000000000036,1.0206896551724138,0,-0.07000000000000006,1.0,0,0
syr2k,Original,Fusion+Shared,0.0,0,-0.09999999999999998,0.9917695473251029,0,-0.1399999999999999,1.0068027210884354,0,-0.1499999999999999,1.0,0,0
syr2k,Fusion,Fusion+Shared,0.0,0,-0.04999999999999993,1.0,0,-0.09999999999999987,0.9863945578231292,0,-0.07999999999999985,1.0,0,0
syrk,Original,Fusion,0.0,0,-0.57,1.0,0,-1.0399999999999998,0.9523809523809524,0,-1.0,0.9803921568627452,0,0
syrk,Original,Fusion+Shared,0.0,0,-0.57,1.0,0,-1.02,0.9708737864077671,0,-1.0,0.9803921568627452,0,0
syrk,Fusion,Fusion+Shared,0.0,0,0.0,1.0,0,0.019999999999999796,1.0194174757281553,0,0.0,1.0,0,0
trisolv,Original,Fusion,0.0,0,-0.33000000000000007,1.0,0,-0.55,1.0,0,-0.17000000000000004,1.2999999999999998,0,0
trisolv,Original,Fusion+Shared,0.0,0,-0.37,0.9375000000000001,0,-0.65,0.8999999999999999,0,-0.17000000000000004,1.2999999999999998,0,0
trisolv,Fusion,Fusion+Shared,0.0,0,-0.039999999999999925,0.9375000000000001,0,-0.09999999999999998,0.8999999999999999,0,0.0,1.0,0,0
trmm,Original,Fusion,0.0,0,0.0,1.0434782608695652,0,-0.16999999999999993,0.9222222222222222,0,-0.040000000000000036,1.011904761904762,0,0
trmm,Original,Fusion+Shared,0.0,0,0.010000000000000009,1.0588235294117647,0,-0.08000000000000007,0.9880952380952381,0,0.010000000000000009,1.0493827160493827,0,0
trmm,Fusion,Fusion+Shared,0.0,0,0.010000000000000009,1.0147058823529411,0,0.08999999999999986,1.0714285714285716,0,0.050000000000000044,1.037037037037037,0,0
