benchmark,implementation,serial_time,parallel_2t,speedup_2t,parallel_4t,speedup_4t,parallel_8t,speedup_8t,parallelizable_loops,fusion_succeeded_pairs,fusion_candidates,fusion_attempts
correlation,Original,.000552,.000445,1.24,.000282,1.95,.000283,1.95,0
0,0
0,0,0
correlation,Fusion,.000380,.000456,.83,.000278,1.36,.000277,1.37,0
0,0
0,0,0
correlation,Fusion+Shared,.000394,.000464,.84,.000279,1.41,.000275,1.43,0
0,0
0,0,0
covariance,Original,.000412,.000462,.89,.000279,1.47,.000274,1.50,0
0,0
0,0,0
covariance,Fusion,.000401,.000461,.86,.000279,1.43,.000274,1.46,0
0,0
0,0,0
covariance,Fusion+Shared,.000376,.000462,.81,.000276,1.36,.000275,1.36,0
0,0
0,0,0
gemm,Original,.000113,.000093,1.21,.000055,2.05,.000056,2.01,0
0,0
0,0,0
gemm,Fusion,.000074,.000093,.79,.000059,1.25,.000059,1.25,0
0,0
0,0,0
gemm,Fusion+Shared,.000080,.000093,.86,.000057,1.40,.000057,1.40,0
0,0
0,0,0
gemver,Original,.000054,.000046,1.17,.000030,1.80,.000029,1.86,1,0
0,0,0
gemver,Fusion,.000035,.000032,1.09,.000027,1.29,.000028,1.25,1,0
0,0,0
gemver,Fusion+Shared,.000036,.000046,.78,.000028,1.28,.000028,1.28,1,0
0,0,0
gesummv,Original,.000065,.000054,1.20,.000033,1.96,.000035,1.85,0
0,0
0,0,0
gesummv,Fusion,.000043,.000054,.79,.000033,1.30,.000033,1.30,0
0,0
0,0,0
gesummv,Fusion+Shared,.000043,.000053,.81,.000033,1.30,.000034,1.26,0
0,0
0,0,0
symm,Original,.000224,.000191,1.17,.000114,1.96,.000112,2.00,0
0,0
0,0,0
symm,Fusion,.000154,.000190,.81,.000115,1.33,.000112,1.37,0
0,0
0,0,0
symm,Fusion+Shared,.000155,.000192,.80,.000114,1.35,.000113,1.37,0
0,0
0,0,0
syr2k,Original,.000218,.000241,.90,.000148,1.47,.000143,1.52,0
0,0
0,0,0
syr2k,Fusion,.000208,.000243,.85,.000145,1.43,.000143,1.45,0
0,0
0,0,0
syr2k,Fusion+Shared,.000196,.000243,.80,.000147,1.33,.000143,1.37,0
0,0
0,0,0
syrk,Original,.000240,.000171,1.40,.000100,2.40,.000100,2.40,0
0,0
0,0,0
syrk,Fusion,.000143,.000171,.83,.000105,1.36,.000102,1.40,0
0,0
0,0,0
syrk,Fusion+Shared,.000143,.000171,.83,.000103,1.38,.000102,1.40,0
0,0
0,0,0
trmm,Original,.000123,.000144,.85,.000083,1.48,.000085,1.44,0
0,0
0,0,0
trmm,Fusion,.000118,.000138,.85,.000090,1.31,.000084,1.40,0
0,0
0,0,0
trmm,Fusion+Shared,.000118,.000136,.86,.000084,1.40,.000081,1.45,0
0,0
0,0,0
2mm,Original,.000190,.000209,.90,.000201,.94,.000202,.94,0
0,0
0,0,0
2mm,Fusion,.000204,.000201,1.01,.000204,1.00,.000202,1.00,0
0,0
0,0,0
2mm,Fusion+Shared,.000193,.000205,.94,.000207,.93,.000199,.96,0
0,0
0,0,0
3mm,Original,.000355,.000419,.84,.000401,.88,.000406,.87,0
0,0
0,0,0
3mm,Fusion,.000354,.000375,.94,.000383,.92,.000375,.94,0
0,0
0,0,0
3mm,Fusion+Shared,.000369,.000375,.98,.000376,.98,.000372,.99,0
0,0
0,0,0
atax,Original,.000027,.000031,.87,.000021,1.28,.000021,1.28,1,0
0,0,0
atax,Fusion,.000024,.000028,.85,.000019,1.26,.000023,1.04,1,0
0,0,0
atax,Fusion+Shared,.000026,.000031,.83,.000018,1.44,.000022,1.18,1,0
0,0,0
bicg,Original,.000083,.000092,.90,.000056,1.48,.000056,1.48,1,0
0,0,0
bicg,Fusion,.000093,.000092,1.01,.000056,1.66,.000059,1.57,1,0
0,0,0
bicg,Fusion+Shared,.000075,.000093,.80,.000056,1.33,.000057,1.31,1,0
0,0,0
doitgen,Original,.000498,.000373,1.33,.000219,2.27,.000221,2.25,0
0,0
0,0,0
doitgen,Fusion,.000319,.000368,.86,.000220,1.45,.000218,1.46,0
0,0
0,0,0
doitgen,Fusion+Shared,.000301,.000371,.81,.000218,1.38,.000217,1.38,0
0,0
0,0,0
mvt,Original,.000032,.000038,.84,.000024,1.33,.000023,1.39,0
0,0
0,0,0
mvt,Fusion,.000028,.000037,.75,.000025,1.12,.000023,1.21,0
0,0
0,0,0
mvt,Fusion+Shared,.000029,.000038,.76,.000023,1.26,.000023,1.26,0
0,0
0,0,0
cholesky,Original,.000282,.000344,.81,.000204,1.38,.000202,1.39,0
0,0
0,0,0
cholesky,Fusion,.000279,.000255,1.09,.000199,1.40,.000201,1.38,0
0,0
0,0,0
cholesky,Fusion+Shared,.000279,.000344,.81,.000208,1.34,.000200,1.39,0
0,0
0,0,0
durbin,Original,.000022,.000016,1.37,.000014,1.57,.000013,1.69,1,0
0,0,0
durbin,Fusion,.000015,.000021,.71,.000013,1.15,.000013,1.15,1,0
0,0,0
durbin,Fusion+Shared,.000016,.000020,.80,.000013,1.23,.000015,1.06,1,0
0,0,0
gramschmidt,Original,.000480,.000551,.87,.000327,1.46,.000324,1.48,0
0,0
0,0,0
gramschmidt,Fusion,.000448,.000550,.81,.000330,1.35,.000321,1.39,0
0,0
0,0,0
gramschmidt,Fusion+Shared,.000462,.000552,.83,.000325,1.42,.000322,1.43,0
0,0
0,0,0
lu,Original,.000565,.000643,.87,.000376,1.50,.000375,1.50,0
0,0
0,0,0
lu,Fusion,.000510,.000581,.87,.000381,1.33,.000376,1.35,0
0,0
0,0,0
lu,Fusion+Shared,.000510,.000580,.87,.000380,1.34,.000377,1.35,0
0,0
0,0,0
ludcmp,Original,.000500,.000543,.92,.000355,1.40,.000352,1.42,2,0
0,0,0
ludcmp,Fusion,.000472,.000602,.78,.000355,1.32,.000351,1.34,2,0
0,0,0
ludcmp,Fusion+Shared,.000474,.000601,.78,.000356,1.33,.000352,1.34,2,0
0,0,0
trisolv,Original,.000014,.000015,.93,.000009,1.55,.000013,1.07,0
0,0
0,0,0
trisolv,Fusion,.000009,.000015,.60,.000009,1.00,.000010,.90,0
0,0
0,0,0
trisolv,Fusion+Shared,.000009,.000016,.56,.000010,.90,.000010,.90,0
0,0
0,0,0
deriche,Original,.000603,.000486,1.24,.000294,2.05,.000302,1.99,0
0,0
0,0,0
deriche,Fusion,.000424,.000488,.86,.000299,1.41,.000288,1.47,0
0,0
0,0,0
deriche,Fusion+Shared,.000397,.000485,.81,.000288,1.37,.000294,1.35,0
0,0
0,0,0
floyd-warshall,Original,.004080,.004180,.97,.002604,1.56,.002563,1.59,0
0,0
0,0,0
floyd-warshall,Fusion,.003492,.004074,.85,.002596,1.34,.002551,1.36,0
0,0
0,0,0
floyd-warshall,Fusion+Shared,.003544,.004179,.84,.002578,1.37,.002538,1.39,0
0,0
0,0,0
nussinov,Original,.001520,.001220,1.24,.000720,2.11,.000701,2.16,0
0,0
0,0,0
nussinov,Fusion,.001042,.001213,.85,.000733,1.42,.000711,1.46,0
0,0
0,0,0
nussinov,Fusion+Shared,.001035,.001220,.84,.000726,1.42,.000711,1.45,0
0,0
0,0,0
adi,Original,.003368,.002776,1.21,.001646,2.04,.001574,2.13,0
0,0
0,0,0
adi,Fusion,.002241,.002598,.86,.001642,1.36,.001579,1.41,0
0,0
0,0,0
adi,Fusion+Shared,.002241,.002585,.86,.001639,1.36,.001593,1.40,0
0,0
0,0,0
fdtd-2d,Original,.000336,.000273,1.23,.000165,2.03,.000166,2.02,0
0,0
0,0,0
fdtd-2d,Fusion,.000221,.000273,.80,.000162,1.36,.000161,1.37,0
0,0
0,0,0
fdtd-2d,Fusion+Shared,.000231,.000272,.84,.000164,1.40,.000163,1.41,0
0,0
0,0,0
heat-3d,Original,.000567,.000443,1.27,.000262,2.16,.000264,2.14,0
0,0
0,0,0
heat-3d,Fusion,.000374,.000444,.84,.000263,1.42,.000264,1.41,0
0,0
0,0,0
heat-3d,Fusion+Shared,.000305,.000443,.68,.000266,1.14,.000261,1.16,0
0,0
0,0,0
jacobi-1d,Original,.000005,.000007,.71,.000005,1.00,.000006,.83,2,0
0,0,0
jacobi-1d,Fusion,.000004,.000006,.66,.000006,.66,.000004,1.00,2,0
0,0,0
jacobi-1d,Fusion+Shared,.000003,.000005,.60,.000005,.60,.000006,.50,2,0
0,0,0
jacobi-2d,Original,.000288,.000194,1.48,.000197,1.46,.000197,1.46,0
0,0
0,0,0
jacobi-2d,Fusion,.000189,.000195,.96,.000196,.96,.000197,.95,0
0,0
0,0,0
jacobi-2d,Fusion+Shared,.000191,.000196,.97,.000189,1.01,.000197,.96,0
0,0
0,0,0
seidel-2d,Original,.004300,.004281,1.00,.004206,1.02,.004283,1.00,0
0,0
0,0,0
seidel-2d,Fusion,.004456,.006384,.69,.004124,1.08,.004085,1.09,0
0,0
0,0,0
seidel-2d,Fusion+Shared,.005307,.006600,.80,.004135,1.28,.004073,1.30,0
0,0
0,0,0
